id,uid,password,first_name,last_name,username,email,avatar,gender,phone_number,social_insurance_number,date_of_birth,title,key_skill,city,street_name,street_address,zip_code,state,country,lat,lng,plan,status,payment_method,term
6432,b2efb88a-c124-42da-9f4f-cd128c6a5cd6,4beOgqwGuv,Erich,Daniel,erich.daniel,erich.daniel@email.com,https://robohash.org/necessitatibusperferendisautem.png?size=300x300&set=set1,Female,+86 1-848-272-4526 x15936,114979156,1997-10-09,Lead Construction Architect,Problem solving,Sanfordbury,Anibal Plaza,177 O'Conner Fort,41401,New Jersey,United States,76.98066359378879,-24.110680879374826,Starter,Pending,Bitcoins,Payment in advance
654,41a13b47-db2e-4437-b315-155bab59438f,ni7b8Je0mx,Sol,Dicki,sol.dicki,sol.dicki@email.com,https://robohash.org/totamhiccumque.png?size=300x300&set=set1,Female,+269 362-668-6592 x458,214007270,2001-09-21,Hospitality Supervisor,Fast learner,North Leon,Lauri Vista,474 Russel Island,29124-1318,Missouri,United States,46.13393187656823,83.1252665432475,Student,Blocked,Money transfer,Full subscription
3614,4b88e06c-255e-42f1-9e9a-f3e69e820c16,oxa0zXLK5y,Leland,Littel,leland.littel,leland.littel@email.com,https://robohash.org/recusandaeatlaudantium.png?size=300x300&set=set1,Male,+971 1-206-132-1404 x269,500906128,1990-01-22,Internal Executive,Organisation,East Loreeside,Man Wall,7080 Nannette Spring,06789-1971,Michigan,United States,21.302503315752375,-85.7951012106861,Platinum,Active,Cash,Annual
324,713c8fcd-f606-4256-969b-aa243054044d,IUigdvlXyW,Karly,Stroman,karly.stroman,karly.stroman@email.com,https://robohash.org/nihilinventorequaerat.png?size=300x300&set=set1,Male,+500 1-531-088-1892 x6579,609008420,1998-03-13,Future Orchestrator,Fast learner,Lake Izola,Kihn Row,7387 Marvin Court,81627,Missouri,United States,4.048546503916185,158.96105497425106,Standard,Blocked,Bitcoins,Full subscription
5219,6f6658f8-480a-42ef-9dc9-a025df2aa8b2,X7njTmYHED,Vennie,Johns,vennie.johns,vennie.johns@email.com,https://robohash.org/quiaccusamusmolestiae.png?size=300x300&set=set1,Female,+676 960.158.0133 x924,978895886,2003-11-13,Regional Assistant,Teamwork,Lubowitzshire,Esteban Meadows,80174 Rowe Spur,35749,Indiana,United States,63.55998085739495,3.369716894182659,Free Trial,Active,Google Pay,Annual
9309,fb456115-4d3e-40ee-9db7-0ce9e20dcabe,4tDfWxTkC1,Gavin,Ziemann,gavin.ziemann,gavin.ziemann@email.com,https://robohash.org/ipsamquinobis.png?size=300x300&set=set1,Female,+351 1-616-273-4906 x54326,210882254,1965-10-26,Mining Technician,Confidence,North Jannettechester,Bryan Heights,54504 Kiehn Forges,37533-0212,Alaska,United States,80.28140741587112,57.18229552927312,Basic,Blocked,Visa checkout,Payment in advance
4981,c3cbc253-eea5-4992-875d-67b45a3251e8,lng3pZRxej,Charlott,Hagenes,charlott.hagenes,charlott.hagenes@email.com,https://robohash.org/nemoveroasperiores.png?size=300x300&set=set1,Male,+223 564.054.3793,506978535,1967-07-17,Legal Assistant,Networking skills,Lake Asley,Jasmin Views,348 Antoine Rapids,41569,Delaware,United States,26.506838316868624,28.44174102382658,Student,Idle,Debit card,Payment in advance
8709,b084d380-2927-493b-95c4-951f0a4a5282,TIPj5xuFV2,Glynis,Murray,glynis.murray,glynis.murray@email.com,https://robohash.org/laudantiumnihilmolestiae.png?size=300x300&set=set1,Male,+855 152-768-3016 x18429,447244393,1980-10-07,District Technology Administrator,Networking skills,West Beulahfort,Heathcote Row,786 Stephenie Roads,88330,Illinois,United States,-59.372017087504545,133.33883314215507,Business,Pending,Paypal,Monthly
1048,44369b6f-dd2a-4c67-8fc8-80585a6047cd,bLTMGUa8A4,Celestine,Koelpin,celestine.koelpin,celestine.koelpin@email.com,https://robohash.org/infugaeum.png?size=300x300&set=set1,Female,+66 1-555-274-6456 x309,526701982,1966-08-18,Marketing Engineer,Leadership,Turnerbury,Alberto Turnpike,90495 Lehner Village,43677,New Jersey,United States,-47.49041020163816,-14.356007954607975,Premium,Blocked,Cheque,Payment in advance
3905,7af50769-1d95-4c18-8876-5fb7c66d4ada,xuYkZ5wi3t,Tim,Sawayn,tim.sawayn,tim.sawayn@email.com,https://robohash.org/sedatquesit.png?size=300x300&set=set1,Female,+372 1-983-137-3025 x11514,557140415,1979-11-22,Manufacturing Director,Problem solving,Sandymouth,Terry Turnpike,79695 Anderson Parks,78222-3730,Montana,United States,53.67064802081049,-0.48105592225221017,Gold,Active,Visa checkout,Annual
5079,07dab169-2695-4eb7-aca0-7b2c0eee4fee,jwlEJ62peM,Margorie,Mosciski,margorie.mosciski,margorie.mosciski@email.com,https://robohash.org/autquiaomnis.png?size=300x300&set=set1,Male,+352 193-518-4748 x04219,405561929,1962-03-15,IT Orchestrator,Fast learner,Hammeschester,Hilpert Station,11474 Rashad Spring,96616-3813,Utah,United States,-40.95456377967739,-38.42533422008279,Professional,Idle,Alipay,Monthly
2608,766ebbb7-a836-4e82-87ad-f64ca683e8df,BLFXnUEihT,Maurita,Kilback,maurita.kilback,maurita.kilback@email.com,https://robohash.org/optioutut.png?size=300x300&set=set1,Male,+245 1-405-639-0670 x6973,627323611,1976-11-16,Healthcare Representative,Organisation,North Joshuatown,Bruen Mountain,8489 Rod Canyon,78734,Kentucky,United States,-35.477642522827786,-91.09638368873249,Essential,Pending,Cheque,Payment in advance
1904,193ef931-f725-4bdc-a1ba-46fb66efaeb3,dE2SzZ8KOH,Harry,Hoeger,harry.hoeger,harry.hoeger@email.com,https://robohash.org/accusamusautet.png?size=300x300&set=set1,Male,+965 1-981-092-6646 x25751,676232911,1960-07-01,Principal Technician,Leadership,South Avery,Bins Junction,62725 Johnson Dam,73244,Kansas,United States,16.221408301828077,156.18806848621477,Standard,Pending,Debit card,Payment in advance
6671,e7edebb1-3e91-4656-a08e-d7c095fd631b,bsu6jTBHZ9,Alethea,Ferry,alethea.ferry,alethea.ferry@email.com,https://robohash.org/omnisconsequunturet.png?size=300x300&set=set1,Male,+61 353-271-7026 x4720,547213272,1996-05-16,Regional Community-Services Developer,Proactive,Connland,Jettie Meadows,5390 Swaniawski Forge,26748-3546,South Carolina,United States,-15.612153046121819,-90.11286388940671,Premium,Idle,Cash,Payment in advance
1110,23f3fdb1-0225-4a02-89ef-1e597a1d8353,5oR0MfaZXF,Idell,Wisoky,idell.wisoky,idell.wisoky@email.com,https://robohash.org/omnisnumquamdolores.png?size=300x300&set=set1,Female,+52 1-683-413-9934 x74648,492468475,1985-09-04,Regional Legal Planner,Work under pressure,North Deann,Timmy Flats,338 Rau Landing,01840,Vermont,United States,47.85880871195661,28.984554425788986,Standard,Idle,Google Pay,Payment in advance
154,e6379539-aca1-4edb-815e-5474bdf99e9f,OV8wlWJtHL,Janiece,Boyle,janiece.boyle,janiece.boyle@email.com,https://robohash.org/hicfugitvoluptatem.png?size=300x300&set=set1,Female,+507 (619) 152-5046 x6332,973271620,1977-01-07,Retail Facilitator,Leadership,Port Shayna,Hirthe Motorway,58789 Solomon Creek,04405,Colorado,United States,-1.8065620940350442,72.10387716038278,Essential,Idle,Apple Pay,Monthly
5784,c8bdef42-4201-4a78-9cbd-cdded79f1593,08Imh1MUVR,Milan,Batz,milan.batz,milan.batz@email.com,https://robohash.org/laboriosamveroharum.png?size=300x300&set=set1,Male,+247 904-979-4886 x034,646325704,2000-09-30,Consulting Agent,Communication,Fritzbury,O'Connell Manor,7580 Timmy Crossing,28639-9260,Montana,United States,75.45114177861134,-172.79473808122108,Basic,Blocked,Cheque,Full subscription
2449,375109d6-8764-449c-94a6-8e2ab27204d5,eDUIJzwMWC,Roderick,Powlowski,roderick.powlowski,roderick.powlowski@email.com,https://robohash.org/quositaut.png?size=300x300&set=set1,Male,+251 (555) 176-5660 x8034,745057653,1970-10-01,Legacy Representative,Communication,North Timmy,Carlo Junction,2282 Joie Pines,52937,Washington,United States,12.456651160813053,73.03297401019253,Gold,Active,Alipay,Payment in advance
6804,0a668385-d712-4282-8eb1-47f0f9535f32,EUgjeGms3L,Nick,Simonis,nick.simonis,nick.simonis@email.com,https://robohash.org/laboriosamrepellatsint.png?size=300x300&set=set1,Male,+290 291.740.0819 x097,790619639,1987-02-05,IT Officer,Work under pressure,Rubinshire,Rowe Heights,199 DuBuque Spurs,94537,Florida,United States,-11.871730418203299,-14.574301146247848,Student,Active,Money transfer,Full subscription
4583,dde45013-432a-4500-b23b-e5dd99029319,gCSWBF7m8h,Tenisha,Collins,tenisha.collins,tenisha.collins@email.com,https://robohash.org/assumendaadco